{
  "train_loss": [
    2.6803487141927085,
    2.6878255208333335
  ],
  "learning_rate": [
    0.001,
    0.0005005000000000001
  ]
}