{
  "train_loss": [
    3.1408023308734503,
    1.8380787538022412,
    1.4552441995971057,
    1.1594592284183114,
    1.04416228581448,
    0.9886355095980118,
    0.9508851338405998,
    0.934051465744875,
    0.910613732191981,
    0.9007725849443552,
    0.8870855394674807,
    0.870076188262628,
    0.860157335777672,
    0.85376957654953,
    0.842395506343063,
    0.8430193925390438,
    0.8357554216774142,
    0.8155617811241929,
    0.817858269263287,
    0.8087306134554805,
    0.8039470721264275,
    0.7998799659767929,
    0.7916720971769217,
    0.7809628909947921,
    0.7791078749968081,
    0.7764531315589438,
    0.77455676502111,
    0.7684643996005156,
    0.7661017931237513,
    0.7605520501428721,
    0.7611251458829763,
    0.7565392214424757,
    0.7509872477881763,
    0.753171981354149,
    0.7514064723131608,
    0.7472309976207967,
    0.7499699120618859,
    0.7375406644782242,
    0.7376311832544755,
    0.7366161959511893,
    0.7339101504306405,
    0.7309818433255565,
    0.7315320815358843,
    0.7289605583463397,
    0.7324551168753176,
    0.7256939846642163,
    0.7264084648112862,
    0.72373578183505,
    0.7226955391922776,
    0.7202514028062625,
    0.7144594447953361,
    0.7171417095223251,
    0.7180205792796855,
    0.7142739137824701,
    0.7125554276972401,
    0.711246772444978,
    0.7092172321008177,
    0.7077572092718007,
    0.7060713252242731,
    0.7040096034809035,
    0.7062565735408238,
    0.7014716114316668,
    0.7047210751747598,
    0.7049311411624052,
    0.7046721022956225,
    0.7026708408277862,
    0.6983379315356819,
    0.6996988340299957,
    0.7018332221070115,
    0.697439800233257,
    0.6955521766020327,
    0.69349420630202,
    0.697469873331031,
    0.6940112366968272,
    0.6902434550985999,
    0.6941639226310107,
    0.6955228333570519,
    0.6909553900056956,
    0.6870689114745783,
    0.6893211243103962,
    0.6891663794614831,
    0.6891470497968245,
    0.6895568487595539,
    0.687348455555585,
    0.6872759994195432,
    0.6869573855886654,
    0.684382084437779,
    0.6868605202558089,
    0.6881424118061454,
    0.6875460627127666,
    0.6865584210473664,
    0.6871397456344293,
    0.6877060625017906,
    0.6847397794528883,
    0.6847300702211808,
    0.686313416033375,
    0.6856085066892663,
    0.6853228812315026,
    0.6875365863041002,
    0.6854315901289181
  ],
  "val_loss": [
    2.2554884433746336,
    1.5452106793721516,
    1.3413898865381877,
    0.9712560256322225,
    0.9027030825614929,
    0.8379799067974091,
    0.8664719482262929,
    0.8137663622697194,
    0.861439847946167,
    0.7818876008192698,
    0.7882657408714294,
    0.80025408466657,
    0.7924616952737172,
    0.75889892578125,
    0.7564689616362253,
    0.7714504937330882,
    0.7748640914758046,
    0.760012932618459,
    0.756766273578008,
    0.7458767632643382,
    0.7222441752751668,
    0.730919482310613,
    0.7286010404427846,
    0.7234974404176077,
    0.7374424795309703,
    0.7292018016179402,
    0.7365488151709239,
    0.7251878837744395,
    0.7346305986245473,
    0.7402620216210684,
    0.720876294374466,
    0.714248788356781,
    0.7222989956537883,
    0.7170039057731629,
    0.7160658637682596,
    0.7173700193564098,
    0.7185235977172851,
    0.7007676184177398,
    0.7100135982036591,
    0.7043091555436453,
    0.7041256149609884,
    0.7077267905076344,
    0.6997351626555125,
    0.6892850041389466,
    0.7021740972995758,
    0.7034184018770854,
    0.6897080560525258,
    0.6911891798178355,
    0.6919519027074178,
    0.6926629940668741,
    0.6870726565519969,
    0.6950912853082021,
    0.6910272479057312,
    0.6951818645000458,
    0.6885101338227589,
    0.6933807253837585,
    0.6845957557360332,
    0.6871432562669119,
    0.6798846304416657,
    0.6843098024527232,
    0.6840143084526062,
    0.686307018995285,
    0.6800984660784404,
    0.6818495889504751,
    0.6790412565072378,
    0.6793072164058686,
    0.6782537659009298,
    0.683271179596583,
    0.6819934944311777,
    0.6788817882537842,
    0.6788796126842499,
    0.6815647681554159,
    0.6786312421162923,
    0.6764162520567576,
    0.6746383786201477,
    0.6759098589420318,
    0.6745533247788748,
    0.6777263760566712,
    0.6751340051492055,
    0.6773488859335581,
    0.6760848343372345,
    0.6762920995553334,
    0.6745533923308055,
    0.6746247291564942,
    0.6730162342389424,
    0.6752114256223043,
    0.6766742169857025,
    0.6774355351924897,
    0.6739879568417867,
    0.6717707296212514,
    0.6736483911673228,
    0.6735998411973317,
    0.6755631069342295,
    0.6731152753035228,
    0.6745247900485992,
    0.6714081843694051,
    0.6730639894803365,
    0.674567707379659,
    0.6751693864663442,
    0.6741750220457713
  ],
  "train_accuracy": [
    0.23954081632653063,
    0.5298788265306122,
    0.6881696428571429,
    0.8145727040816326,
    0.8535714285714285,
    0.873405612244898,
    0.8862563775510204,
    0.8920280612244897,
    0.8981823979591836,
    0.9034438775510204,
    0.9063137755102041,
    0.9142219387755102,
    0.9177933673469387,
    0.9193558673469387,
    0.923469387755102,
    0.9234056122448979,
    0.924170918367347,
    0.9300701530612245,
    0.9322066326530613,
    0.9339604591836734,
    0.9350446428571428,
    0.9369579081632653,
    0.9395408163265306,
    0.9430484693877551,
    0.9438775510204082,
    0.9451530612244898,
    0.9470982142857143,
    0.9470982142857143,
    0.9474170918367347,
    0.9485331632653061,
    0.9496173469387755,
    0.9510522959183674,
    0.9516900510204082,
    0.9529974489795918,
    0.9528698979591836,
    0.9536989795918367,
    0.9517857142857142,
    0.9567283163265307,
    0.95625,
    0.9568239795918367,
    0.9573341836734693,
    0.9580676020408163,
    0.9580357142857143,
    0.9592474489795918,
    0.9592155612244898,
    0.9598852040816327,
    0.9595025510204082,
    0.9604272959183674,
    0.9622448979591837,
    0.9622448979591837,
    0.9636798469387755,
    0.962531887755102,
    0.9623724489795918,
    0.9641581632653061,
    0.9638073979591837,
    0.9639668367346939,
    0.9653698979591837,
    0.9666454081632653,
    0.9660076530612245,
    0.9669005102040816,
    0.9669323979591836,
    0.9676339285714286,
    0.9667729591836735,
    0.967155612244898,
    0.9667729591836735,
    0.9674744897959183,
    0.9681441326530612,
    0.9682397959183674,
    0.9678890306122448,
    0.9688456632653061,
    0.9699617346938776,
    0.9690051020408164,
    0.9690051020408164,
    0.9691645408163265,
    0.9707589285714285,
    0.9703762755102041,
    0.9689094387755102,
    0.9705357142857143,
    0.9720663265306122,
    0.9709821428571429,
    0.9701530612244897,
    0.9708227040816326,
    0.9704400510204082,
    0.9715880102040816,
    0.9720344387755102,
    0.9721619897959184,
    0.9729910714285714,
    0.9716836734693878,
    0.9713010204081632,
    0.9717474489795919,
    0.9713010204081632,
    0.9713647959183673,
    0.9708545918367347,
    0.9715880102040816,
    0.9720025510204081,
    0.9716836734693878,
    0.9720025510204081,
    0.9727997448979592,
    0.9712691326530613,
    0.9715880102040816
  ],