{
  "train_loss": [
    4.215652585029602,
    4.139569282531738,
    4.119426727294922,
    4.064394950866699,
    4.058273196220398,
    3.9872639775276184,
    3.9329152703285217,
    3.9442372918128967,
    3.9013503789901733,
    3.8511250019073486,
    3.8470348119735718,
    3.7687138319015503,
    3.832560896873474,
    3.8026798367500305,
    3.7441600561141968,
    3.7713447213172913,
    3.5699159502983093,
    3.6590701937675476,
    3.6150856614112854,
    3.7516117095947266,
    3.4350123405456543,
    3.435064971446991,
    3.4756163358688354,
    3.282490849494934,
    3.447731137275696,
    3.29585599899292,
    3.457677125930786,
    3.2920546531677246,
    3.290679395198822,
    3.3663260340690613,
    3.194799065589905,
    3.234477400779724,
    3.193596303462982,
    3.032106399536133,
    3.139728307723999,
    3.231353223323822,
    3.2221713066101074,
    3.090695798397064,
    3.0197797417640686,
    3.118696391582489,
    3.178838551044464,
    3.016351103782654,
    3.0543981790542603,
    2.96530419588089,
    2.9794417023658752,
    2.8126153349876404,
    2.8177660703659058,
    2.7661100029945374,
    2.7743375301361084,
    2.8596822023391724,
    2.867252230644226,
    2.844012141227722,
    2.8148446679115295,
    2.5850720405578613,
    2.6136375665664673,
    2.7878993153572083,
    2.6758610606193542,
    2.533363401889801,
    2.5837592482566833,
    2.5487202405929565,
    2.5484147667884827,
    2.596291244029999,
    2.4873971939086914,
    2.6210678815841675,
    2.446444094181061,
    2.516821801662445,
    2.574641466140747,
    2.5332785844802856,
    2.5476340651512146,
    2.4485467672348022,
    2.3582241535186768,
    2.468099355697632,
    2.492125391960144,
    2.4566330313682556,
    2.6310948729515076,
    2.436195433139801,
    2.390163779258728,
    2.4570438861846924,
    2.374727725982666,
    2.433539927005768,
    2.3589446544647217,
    2.406805396080017,
    2.4179317355155945,
    2.384873390197754,
    2.333139657974243,
    2.4033851623535156,
    2.3192538022994995,
    2.3370723128318787,
    2.295461058616638,
    2.4382362365722656,
    2.300930440425873,
    2.3211227655410767,
    2.3987553119659424,
    2.3586589097976685,
    2.2369800806045532,
    2.4185084104537964,
    2.201858401298523,
    2.2990912199020386,
    2.4752628803253174,
    2.563344359397888
  ],
  "val_loss": [
    4.209664821624756,
    4.220094203948975,
    4.226800918579102,
    4.248103618621826,
    4.3310370445251465,
    4.539622783660889,
    5.016125202178955,
    5.873229026794434,
    6.827085971832275,
    6.961224555969238,
    6.798261642456055,
    7.004035949707031,
    7.17054557800293,
    7.1900858879089355,
    6.01500129699707,
    5.622360706329346,
    5.457695960998535,
    5.446046829223633,
    5.550926208496094,
    5.492829322814941,
    5.2009735107421875,
    5.210882663726807,
    5.366497039794922,
    5.238381385803223,
    5.208395004272461,
    5.299228191375732,
    5.631967544555664,
    5.740342140197754,
    5.874719142913818,
    6.363653182983398,
    6.291409015655518,
    6.066622257232666,
    6.2341742515563965,
    6.412187576293945,
    6.826035976409912,
    7.144549369812012,
    7.754854679107666,
    7.481283187866211,
    7.1846184730529785,
    7.067932605743408,
    7.343136787414551,
    7.189742088317871,
    6.927286624908447,
    6.755732536315918,
    6.743499755859375,
    6.85312557220459,
    7.060805320739746,
    7.436305522918701,
    7.567830562591553,
    7.553661346435547,
    7.487306594848633,
    7.428731918334961,
    7.407242298126221,
    7.448858737945557,
    7.506621360778809,
    7.732805252075195,
    7.872421741485596,
    7.967390060424805,
    7.995841026306152,
    8.051963806152344,
    8.147632598876953,
    8.152636528015137,
    8.153142929077148,
    8.209506034851074,
    8.27418327331543,
    8.442441940307617,
    8.561124801635742,
    8.511189460754395,
    8.477933883666992,
    8.37802505493164,
    8.325628280639648,
    8.455686569213867,
    8.512124061584473,
    8.492377281188965,
    8.614596366882324,
    8.672196388244629,
    8.733884811401367,
    8.81116771697998,
    8.785260200500488,
    8.76545524597168,
    8.80583667755127,
    8.883474349975586,
    8.921759605407715,
    8.81358814239502,
    8.77117919921875,
    8.779998779296875,
    8.80953598022461,
    8.775378227233887,
    8.77322006225586,
    8.820245742797852,
    8.782143592834473,
    8.751370429992676,
    8.739582061767578,
    8.80821418762207,
    8.755767822265625,
    8.79544448852539,
    8.728394508361816,
    8.733213424682617,
    8.868814468383789,
    8.784173965454102
  ],
  "train_accuracy": [
    0.0234375,
    0.0703125,
    0.0390625,
    0.03125,
    0.046875,
    0.09375,
    0.078125,
    0.046875,
    0.0703125,
    0.09375,
    0.046875,
    0.0703125,
    0.078125,
    0.046875,
    0.0234375,
    0.046875,
    0.1015625,
    0.1015625,
    0.1015625,
    0.0625,
    0.0703125,
    0.09375,
    0.09375,
    0.171875,
    0.09375,
    0.171875,
    0.0390625,
    0.125,
    0.1015625,
    0.0703125,
    0.15625,
    0.1328125,
    0.109375,
    0.1796875,
    0.1796875,
    0.171875,
    0.09375,
    0.15625,
    0.1640625,
    0.1484375,
    0.140625,
    0.1484375,
    0.1640625,
    0.1796875,
    0.1796875,
    0.265625,
    0.21875,
    0.2734375,
    0.2578125,
    0.203125,
    0.1640625,
    0.171875,
    0.265625,
    0.296875,
    0.2578125,
    0.1640625,
    0.21875,
    0.25,
    0.21875,
    0.2734375,
    0.25,
    0.265625,
    0.2890625,
    0.21875,
    0.265625,
    0.265625,
    0.2109375,
    0.265625,
    0.25,
    0.28125,
    0.3125,
    0.2265625,
    0.2578125,
    0.3203125,
    0.21875,
    0.28125,
    0.21875,
    0.2578125,
    0.2734375,
    0.2734375,
    0.2421875,
    0.25,
    0.2734375,
    0.2421875,
    0.2890625,
    0.265625,
    0.296875,
    0.28125,
    0.3125,
    0.296875,
    0.265625,
    0.3203125,
    0.2890625,
    0.359375,
    0.328125,
    0.328125,
    0.3671875,
    0.3359375,
    0.296875,
    0.234375
  ],
  "val_accuracy": [
    0.0,
    0.0,
    0.0,
    0.0,
    0.0,
    0.0,
    0.0,
    0.0,
    0.0,
    0.0,
    0.0,
    0.0,
    0.0,
    0.0,
    0.0,
    0.0,
    0.0,
    0.0,
    0.0,
    0.0,
    0.0,
    0.0,
    0.0,
    0.0,
    0.0,
    0.0,
    0.0,
    0.0,
    0.0,
    0.0,
    0.0,
    0.0,
    0.0,
    0.0,
    0.0,
    0.0,
    0.0,
    0.0,
    0.0,
    0.0,
    0.0,
    0.0,
    0.0,
    0.0,
    0.0,
    0.0,
    0.0,
    0.0,
    0.0,
    0.0,
    0.0,
    0.0,
    0.0,
    0.0,
    0.0,
    0.0,
    0.0,
    0.0,
    0.0,
    0.0,
    0.0,
    0.0,
    0.0,
    0.0,
    0.0,
    0.0,
    0.0,
    0.0,
    0.0,
    0.0,
    0.0,
    0.0,
    0.0,
    0.0,
    0.0,
    0.0,
    0.0,
    0.0,
    0.0,
    0.0,
    0.0,
    0.0,
    0.0,
    0.0,
    0.0,
    0.0,
    0.0,
    0.0,
    0.0,
    0.0,
    0.0,
    0.0,
    0.0,
    0.0,
    0.0,
    0.0,
    0.0,
    0.0,
    0.0,
    0.0
  ],