{
  "train_loss": [
    4.35161859110782,
    4.289042698709588
  ],
  "val_loss": [
    4.451481342315674,
    5.557718435923259
  ],
  "train_accuracy": [
    0.039473684210526314,
    0.03289473684210526
  ],
  "val_accuracy": [
    0.0,
    0.0
  ],
  "train_dice": [
    0.6158830617603502,
    0.7306739970257408
  ],
  "val_dice": [
    0.6875425179799398,
    0.8173542618751526
  ],
  "val_macro_f1": [
    0.0,
    0.0
  ]
}