{
  "train_loss": [
    4.346432830976403,
    4.270885301672894
  ],
  "val_loss": [
    4.369283715883891,
    4.2354252735773725
  ],
  "train_accuracy": [
    0.02717391304347826,
    0.04891304347826087
  ],
  "val_accuracy": [
    0.026041666666666668,
    0.026041666666666668
  ],
  "train_dice": [
    0.64880538245906,
    0.7490247695342355
  ],
  "val_dice": [
    0.8053640946745872,
    0.8358082895477613
  ],
  "val_macro_f1": [
    0.0013495276653171387,
    0.003813882532418002
  ]
}