{
  "train_loss": [
    4.393760919570923,
    4.349956750869751,
    4.27672815322876,
    4.278513669967651,
    4.233993291854858,
    4.17482852935791,
    4.180945992469788,
    4.100794553756714,
    4.063562512397766,
    4.032797455787659,
    3.9552798867225647,
    3.9502782225608826,
    3.9212822914123535,
    3.913770079612732,
    3.8223167657852173,
    3.7519601583480835,
    3.8037023544311523,
    3.7654918432235718,
    3.6755109429359436,
    3.674923062324524,
    3.5951040387153625,
    3.544242560863495,
    3.575201094150543,
    3.5309113264083862,
    3.4735426902770996,
    3.50528347492218,
    3.362759292125702,
    3.438616633415222,
    3.320784032344818,
    3.2440309524536133,
    3.240943491458893,
    3.276521325111389,
    3.2084209322929382,
    3.121468722820282,
    3.067463517189026,
    3.1156421303749084,
    3.113747298717499,
    2.9791831374168396,
    2.990081787109375,
    3.0459631085395813,
    2.9613550901412964,
    2.88233345746994,
    2.8524714708328247,
    2.7674126625061035,
    2.7463974356651306,
    2.74892395734787,
    2.7642054557800293,
    2.7850839495658875,
    2.753175973892212,
    2.730469286441803,
    2.6759144067764282,
    2.6608330607414246,
    2.5773472785949707,
    2.5487647652626038,
    2.5890130400657654,
    2.6361207962036133,
    2.646426558494568,
    2.5809459686279297,
    2.635541617870331,
    2.554848611354828,
    2.4856451749801636,
    2.6854958534240723,
    2.528965175151825,
    2.4656770825386047,
    2.5015093088150024,
    2.547582983970642,
    2.421037495136261,
    2.4713807702064514,
    2.466648042201996,
    2.494777739048004,
    2.3910279870033264,
    2.4765217900276184,
    2.4129010438919067,
    2.457727313041687,
    2.5671703219413757,
    2.452348530292511,
    2.4315667152404785,
    2.6019440293312073,
    2.439116060733795,
    2.3013126850128174,
    2.4876317381858826,
    2.443308413028717,
    2.460854947566986,
    2.400058388710022,
    2.480033218860626,
    2.462055027484894,
    2.4201042652130127,
    2.4209970831871033,
    2.404587209224701,
    2.447742223739624,
    2.413705289363861,
    2.4097496271133423,
    2.4718551635742188,
    2.4296984672546387,
    2.4620386362075806,
    2.568840265274048,
    2.426292598247528,
    2.515541911125183,
    2.4685645699501038,
    2.349359452724457
  ],
  "val_loss": [
    4.394041538238525,
    4.399770736694336,
    4.402900218963623,
    4.422344207763672,
    4.510404586791992,
    4.698670864105225,
    5.135389804840088,
    5.958509922027588,
    6.911408424377441,
    6.904626846313477,
    6.552639961242676,
    6.998592853546143,
    6.262528896331787,
    5.313465118408203,
    5.3312482833862305,
    5.570926189422607,
    5.34121036529541,
    5.931821346282959,
    5.505739212036133,
    5.561999797821045,
    5.666169166564941,
    5.866695880889893,
    6.23196268081665,
    6.236195087432861,
    6.178701400756836,
    6.20924186706543,
    6.68958854675293,
    6.839119911193848,
    7.317689895629883,
    7.341421604156494,
    7.977107524871826,
    7.810229778289795,
    7.05032205581665,
    6.942649841308594,
    6.957574844360352,
    7.2266435623168945,
    7.453884124755859,
    7.763243198394775,
    8.183381080627441,
    8.617167472839355,
    7.967942237854004,
    7.8533935546875,
    7.719369888305664,
    7.703213691711426,
    7.826314926147461,
    8.119294166564941,
    8.331528663635254,
    8.383606910705566,
    8.488751411437988,
    8.555253028869629,
    8.929574012756348,
    9.044946670532227,
    8.722892761230469,
    8.835893630981445,
    8.898890495300293,
    9.024003028869629,
    9.17425537109375,
    9.18063735961914,
    9.197264671325684,
    9.350170135498047,
    9.240618705749512,
    9.234644889831543,
    9.29566478729248,
    9.259880065917969,
    9.270273208618164,
    9.330193519592285,
    9.411633491516113,
    9.493171691894531,
    9.518287658691406,
    9.52869701385498,
    9.60671615600586,
    9.681336402893066,
    9.72291374206543,
    9.760644912719727,
    9.755183219909668,
    9.822454452514648,
    9.834033012390137,
    9.910155296325684,
    9.953595161437988,
    9.95380687713623,
    9.944459915161133,
    9.916632652282715,
    9.901458740234375,
    9.846246719360352,
    9.842653274536133,
    9.88290786743164,
    9.922560691833496,
    9.951437950134277,
    9.909518241882324,
    9.945528030395508,
    9.928610801696777,
    9.917163848876953,
    9.917926788330078,
    9.915390968322754,
    9.973063468933105,
    9.967705726623535,
    9.981508255004883,
    9.972517967224121,
    10.003310203552246,
    9.965046882629395
  ],
  "train_accuracy": [
    0.046875,
    0.0234375,
    0.078125,
    0.0859375,
    0.078125,
    0.0859375,
    0.0703125,
    0.0546875,
    0.0859375,
    0.1171875,
    0.1015625,
    0.109375,
    0.0859375,
    0.125,
    0.1484375,
    0.1328125,
    0.1328125,
    0.109375,
    0.125,
    0.1171875,
    0.1484375,
    0.1484375,
    0.1171875,
    0.1328125,
    0.1640625,
    0.140625,
    0.171875,
    0.15625,
    0.171875,
    0.1640625,
    0.203125,
    0.203125,
    0.2109375,
    0.1796875,
    0.234375,
    0.203125,
    0.2265625,
    0.265625,
    0.234375,
    0.1796875,
    0.25,
    0.234375,
    0.234375,
    0.3046875,
    0.3046875,
    0.3359375,
    0.2890625,
    0.2890625,
    0.3203125,
    0.296875,
    0.2734375,
    0.3046875,
    0.3203125,
    0.34375,
    0.375,
    0.3671875,
    0.3203125,
    0.3515625,
    0.296875,
    0.40625,
    0.328125,
    0.34375,
    0.34375,
    0.390625,
    0.359375,
    0.3125,
    0.421875,
    0.3359375,
    0.3828125,
    0.3984375,
    0.4375,
    0.40625,
    0.4296875,
    0.3515625,
    0.3671875,
    0.3515625,
    0.390625,
    0.3046875,
    0.375,
    0.4296875,
    0.3984375,
    0.3828125,
    0.390625,
    0.3984375,
    0.3828125,
    0.3828125,
    0.46875,
    0.3984375,
    0.4453125,
    0.34375,
    0.3671875,
    0.453125,
    0.34375,
    0.4296875,
    0.359375,
    0.359375,
    0.34375,
    0.34375,
    0.296875,
    0.4453125
  ],
  "val_accuracy": [
    0.0,
    0.0,
    0.0,
    0.0,
    0.0,
    0.0,
    0.0,
    0.0,
    0.0,
    0.0,
    0.0,
    0.0,
    0.0,
    0.0,
    0.0,
    0.0,
    0.0,
    0.0,
    0.0,
    0.0,
    0.0,
    0.0,
    0.0,
    0.0,
    0.0,
    0.0,
    0.0,
    0.0,
    0.0,
    0.0,
    0.0,
    0.0,
    0.0,
    0.0,
    0.0,
    0.0,
    0.0,
    0.0,
    0.0,
    0.0,
    0.0,
    0.0,
    0.0,
    0.0,
    0.0,
    0.0,
    0.0,
    0.0,
    0.0,
    0.0,
    0.0,
    0.0,
    0.0,
    0.0,
    0.0,
    0.0,
    0.0,
    0.0,
    0.0,
    0.0,
    0.0,
    0.0,
    0.0,
    0.0,
    0.0,
    0.0,
    0.0,
    0.0,
    0.0,
    0.0,
    0.0,
    0.0,
    0.0,
    0.0,
    0.0,
    0.0,
    0.0,
    0.0,
    0.0,
    0.0,
    0.0,
    0.0,
    0.0,
    0.0,
    0.0,
    0.0,
    0.0,
    0.0,
    0.0,
    0.0,
    0.0,
    0.0,
    0.0,
    0.0,
    0.0,
    0.0,
    0.0,
    0.0,
    0.0,
    0.0
  ],