{
  "train_loss": [
    3.6233900724831276,
    2.3200410129660267,
    1.705699814578234,
    1.4167884477114274,
    1.1582724871271748,
    1.0450061792034213,
    0.9717812740196616,
    0.9395222517393403,
    0.9135984955197674,
    0.8937837587574781,
    0.891907825308331,
    0.8686383780786546,
    0.8547379874576957,
    0.8462898822154029,
    0.83795586885032,
    0.8319074006403907,
    0.8246504573498742,
    0.8134652234740176,
    0.8122451295286922,
    0.8037757398718495,
    0.7976829419701786,
    0.7942500574103857,
    0.7903318314229028,
    0.7864246171409801,
    0.7858356651613267,
    0.7819392479072182,
    0.7735244884329328,
    0.7702301836619942,
    0.7719828637979799,
    0.7650974852553869,
    0.7588754210431697,
    0.7563312861878994,
    0.7495895725185588,
    0.7504140805389922,
    0.7476612016306086,
    0.7483980468774246,
    0.7428077858383373,
    0.7405724212274714,
    0.7403328191425841,
    0.7347998088699276,
    0.7357982179876101,
    0.7357362569388697,
    0.7295618562375085,
    0.7323270071361024,
    0.7269668341693232,
    0.7263904527082281,
    0.7215349512585139,
    0.7207856663202835,
    0.7283749701613087,
    0.719940698752969,
    0.7157633425825733,
    0.7141782085774309,
    0.7171243853488211,
    0.7182803325733896,
    0.717185868045031,
    0.708325081457526,
    0.7108764219082008,
    0.7171471088619555,
    0.7081363504215822,
    0.7082665491912324,
    0.7053001149226044,
    0.7056777755082664,
    0.7022508317131108,
    0.7046816722821381,
    0.7019037311359987,
    0.7015127413353678,
    0.7007976639068733,
    0.7024671581842131,
    0.6981835648164911,
    0.6974121832241447,
    0.6980570327427428,
    0.6957274599600647,
    0.6968984608933076,
    0.6962357112916849,
    0.6925735933295751,
    0.6943636541649446,
    0.6951964270260375,
    0.6932182347370406,
    0.6934242248535156,
    0.6911793159226239,
    0.6913160494828628,
    0.6901689616300292,
    0.6894710311445139,
    0.6903729847932266,
    0.6879822722936081,
    0.6866762577477148,
    0.6901353183439223,
    0.6871466096174919,
    0.6852996687767869,
    0.6874125993857949,
    0.685998204906108,
    0.686663194733151,
    0.6878620471994755,
    0.6849248106196776,
    0.6917998280565617,
    0.6848493405317856,
    0.6851037483094102,
    0.6859603372670836,
    0.6882358829853898,
    0.6830030694856482
  ],
  "val_loss": [
    2.6161437034606934,
    1.9268350839614867,
    1.477208924293518,
    1.5588492234547933,
    1.0260773221651713,
    0.9120239575703939,
    0.8637840429941813,
    0.8447436769803365,
    0.8636718471844991,
    0.8416092753410339,
    0.8249082167943319,
    0.8341813643773397,
    0.7999682505925496,
    0.7984232942263285,
    0.7649250308672587,
    0.7818309187889099,
    0.800404139359792,
    0.7530473589897155,
    0.7509024222691854,
    0.7594251354535421,
    0.761592177549998,
    0.7520847638448079,
    0.7457450032234192,
    0.7290827671686808,
    0.7529412349065144,
    0.7269599994023641,
    0.7279608011245727,
    0.7400169650713603,
    0.760068929195404,
    0.7304862300554912,
    0.7194350481033325,
    0.7201326648394267,
    0.7090838551521301,
    0.7218802491823832,
    0.7117763797442118,
    0.7141329209009807,
    0.7079553723335266,
    0.7127801855405171,
    0.7101033051808675,
    0.7170703053474426,
    0.6991472919782002,
    0.6954971234003703,
    0.7018948872884114,
    0.6949406266212463,
    0.6961065292358398,
    0.7021807948748271,
    0.7087645729382833,
    0.6952765385309855,
    0.6936812917391459,
    0.6960258444150289,
    0.6892796794573466,
    0.6937688748041789,
    0.7019222418467204,
    0.6882176399230957,
    0.6965942104657491,
    0.6862472573916117,
    0.6899802724520365,
    0.6855347911516826,
    0.6885743379592896,
    0.6832858959833781,
    0.6823258360226949,
    0.6818332076072693,
    0.6794565836588542,
    0.6824882864952088,
    0.6867918213208516,
    0.681516969203949,
    0.6794652064641317,
    0.6813272476196289,
    0.6833084940910339,
    0.6796717445055643,
    0.6811217824618022,
    0.6786846319834391,
    0.6856392383575439,
    0.6777642488479614,
    0.6820848107337951,
    0.6782673557599386,
    0.6820033907890319,
    0.6762316028277079,
    0.6776527206103007,
    0.6796008427937825,
    0.6788242181142171,
    0.6778300007184347,
    0.6777241388956706,
    0.6775885621706644,
    0.6764938394228618,
    0.6806744734446207,
    0.6769037326176961,
    0.6769349535306295,
    0.676322054862976,
    0.6764642000198364,
    0.6746822237968445,
    0.6764930645624797,
    0.6761015216509502,
    0.6758338212966919,
    0.6755336801211039,
    0.6760215322176616,
    0.6779266953468323,
    0.6758629043896993,
    0.6767611662546794,
    0.6768788854281108
  ],
  "train_accuracy": [
    0.1501257944915254,
    0.4169094279661017,
    0.588916843220339,
    0.7210672669491526,
    0.824417372881356,
    0.8592094809322034,
    0.8823821504237288,
    0.8918167372881356,
    0.8994968220338984,
    0.9061175847457628,
    0.9045948093220338,
    0.9158832097457628,
    0.919723252118644,
    0.9212460275423728,
    0.9251191737288136,
    0.9279992055084746,
    0.9306806144067796,
    0.9311109639830508,
    0.9318061440677966,
    0.9352820444915254,
    0.9380296610169492,
    0.9385924258474576,
    0.9393207097457628,
    0.9400489936440678,
    0.941604872881356,
    0.9423993644067796,
    0.9451800847457628,
    0.9458090572033898,
    0.9474973516949152,
    0.9485235699152542,
    0.9513042902542372,
    0.9505429025423728,
    0.9530587923728814,
    0.9520656779661016,
    0.9545815677966102,
    0.9533898305084746,
    0.9545815677966102,
    0.9559388241525424,
    0.9562698622881356,
    0.9576271186440678,
    0.9576271186440678,
    0.9560381355932204,
    0.9598781779661016,
    0.959911281779661,
    0.9596795550847458,
    0.9603416313559322,
    0.9613016419491526,
    0.9622285487288136,
    0.9615002648305084,
    0.9627582097457628,
    0.9645458156779662,
    0.964016154661017,
    0.9624271716101694,
    0.9624602754237288,
    0.9630230402542372,
    0.9661016949152542,
    0.9651416843220338,
    0.9644796080508474,
    0.9652409957627118,
    0.9659030720338984,
    0.9666644597457628,
    0.9671610169491526,
    0.9677899894067796,
    0.9674920550847458,
    0.9683858580508474,
    0.9682203389830508,
    0.9678893008474576,
    0.9682865466101694,
    0.9689817266949152,
    0.9697100105932204,
    0.9684851694915254,
    0.9696438029661016,
    0.9693127648305084,
    0.9693789724576272,
    0.9711334745762712,
    0.969974841101695,
    0.9698093220338984,
    0.9701734639830508,
    0.9703720868644068,
    0.9715638241525424,
    0.9714645127118644,
    0.9717624470338984,
    0.9719610699152542,
    0.970901747881356,
    0.9719941737288136,
    0.9724907309322034,
    0.9722590042372882,
    0.972854872881356,
    0.973583156779661,
    0.9718948622881356,
    0.9730534957627118,
    0.9728879766949152,
    0.9727886652542372,
    0.9732521186440678,
    0.9705707097457628,
    0.9732190148305084,
    0.9721927966101694,
    0.9729541843220338,
    0.9718948622881356,
    0.9728879766949152
  ],