{
  "train_loss": [
    4.1536862348255355,
    3.9882866457888952
  ],
  "val_loss": [
    4.286318778991699,
    5.3926394780476885
  ],
  "train_accuracy": [
    0.046052631578947366,
    0.08552631578947369
  ],
  "val_accuracy": [
    0.0,
    0.0
  ],
  "train_dice": [
    0.6290582026305952,
    0.7535397535876224
  ],
  "val_dice": [
    0.6902207136154175,
    0.833980401357015
  ],
  "val_macro_f1": [
    0.0,
    0.0
  ]
}