{
  "train_loss": [
    4.395331382751465,
    4.356500625610352,
    4.300934672355652,
    4.293063521385193,
    4.2659255266189575,
    4.228047490119934,
    4.225296258926392,
    4.118578195571899,
    4.096645474433899,
    4.039897203445435,
    3.957754075527191,
    3.931868851184845,
    3.9510568976402283,
    3.874646782875061,
    3.8118003606796265,
    3.78361576795578,
    3.8126350045204163,
    3.7620177268981934,
    3.6555744409561157,
    3.692781150341034,
    3.626263201236725,
    3.5437090396881104,
    3.54961758852005,
    3.6157566905021667,
    3.460849165916443,
    3.4792585968971252,
    3.366561770439148,
    3.3747982382774353,
    3.311552882194519,
    3.2377960681915283,
    3.209886133670807,
    3.2380573749542236,
    3.1683844327926636,
    3.0775790214538574,
    3.032150626182556,
    3.06651908159256,
    3.0930793285369873,
    2.952123522758484,
    2.9389508962631226,
    3.04089093208313,
    2.954646944999695,
    2.88775098323822,
    2.9229806661605835,
    2.776277005672455,
    2.76377409696579,
    2.7431328892707825,
    2.7578442096710205,
    2.828077733516693,
    2.7513169050216675,
    2.747408866882324,
    2.7302162051200867,
    2.7202261686325073,
    2.6579889059066772,
    2.631799280643463,
    2.654815912246704,
    2.730855405330658,
    2.728198528289795,
    2.6584469079971313,
    2.692910850048065,
    2.5773966908454895,
    2.600267469882965,
    2.7095789313316345,
    2.546590805053711,
    2.534304976463318,
    2.5652278661727905,
    2.571723997592926,
    2.534008800983429,
    2.521336793899536,
    2.474083721637726,
    2.519560933113098,
    2.4863235354423523,
    2.5247219800949097,
    2.5083619356155396,
    2.4692330956459045,
    2.5950080156326294,
    2.5066529512405396,
    2.48622727394104,
    2.5818111896514893,
    2.4728607535362244,
    2.379097580909729,
    2.526664972305298,
    2.446162223815918,
    2.46086049079895,
    2.4661895036697388,
    2.5219255089759827,
    2.479366362094879,
    2.4501683115959167,
    2.4854801893234253,
    2.4678497314453125,
    2.4969189167022705,
    2.4970048666000366,
    2.4767107367515564,
    2.5119115710258484,
    2.47773814201355,
    2.5029647946357727,
    2.618129849433899,
    2.470704972743988,
    2.512317419052124,
    2.506868302822113,
    2.379967451095581
  ],
  "val_loss": [
    4.488790512084961,
    4.532420635223389,
    4.554947376251221,
    4.506916522979736,
    4.629064083099365,
    4.832147121429443,
    4.991918563842773,
    4.966832160949707,
    4.788840293884277,
    4.670079708099365,
    4.649933815002441,
    4.66715669631958,
    4.945709705352783,
    5.033730983734131,
    4.816974639892578,
    4.967221260070801,
    5.008737564086914,
    5.073198318481445,
    4.986197471618652,
    5.012113094329834,
    5.1282196044921875,
    5.150393009185791,
    5.271811008453369,
    5.517606735229492,
    5.654998779296875,
    5.617283821105957,
    6.15810489654541,
    7.053134441375732,
    6.964659690856934,
    6.050903797149658,
    6.040942668914795,
    6.113329887390137,
    6.24084997177124,
    6.330521106719971,
    6.399802207946777,
    6.524388313293457,
    6.610117435455322,
    6.726398468017578,
    6.813777446746826,
    6.986341953277588,
    7.00955057144165,
    6.9945478439331055,
    7.048283576965332,
    7.128603935241699,
    7.135046005249023,
    7.217634201049805,
    7.446504592895508,
    7.665848731994629,
    7.719320774078369,
    7.698746681213379,
    7.722184181213379,
    7.788858890533447,
    7.831398963928223,
    7.97386360168457,
    8.090348243713379,
    8.111184120178223,
    8.138226509094238,
    8.127220153808594,
    8.14220905303955,
    8.165949821472168,
    8.175261497497559,
    8.129508018493652,
    8.19178581237793,
    8.260432243347168,
    8.359067916870117,
    8.430553436279297,
    8.477494239807129,
    8.49498176574707,
    8.531216621398926,
    8.55259895324707,
    8.56278133392334,
    8.55673885345459,
    8.53884506225586,
    8.558319091796875,
    8.543925285339355,
    8.552264213562012,
    8.541232109069824,
    8.573687553405762,
    8.573376655578613,
    8.585354804992676,
    8.614095687866211,
    8.636481285095215,
    8.682406425476074,
    8.674134254455566,
    8.667900085449219,
    8.707483291625977,
    8.713347434997559,
    8.717836380004883,
    8.690343856811523,
    8.728839874267578,
    8.717968940734863,
    8.698907852172852,
    8.689717292785645,
    8.693607330322266,
    8.737838745117188,
    8.722925186157227,
    8.758347511291504,
    8.741363525390625,
    8.768173217773438,
    8.751220703125
  ],
  "train_accuracy": [
    0.015625,
    0.0078125,
    0.0703125,
    0.0625,
    0.09375,
    0.09375,
    0.0546875,
    0.0859375,
    0.109375,
    0.109375,
    0.140625,
    0.125,
    0.125,
    0.1328125,
    0.140625,
    0.140625,
    0.15625,
    0.1171875,
    0.171875,
    0.1640625,
    0.1484375,
    0.1953125,
    0.1796875,
    0.1328125,
    0.1484375,
    0.15625,
    0.2109375,
    0.1796875,
    0.2265625,
    0.234375,
    0.21875,
    0.21875,
    0.21875,
    0.25,
    0.296875,
    0.25,
    0.1875,
    0.2421875,
    0.28125,
    0.234375,
    0.234375,
    0.296875,
    0.265625,
    0.28125,
    0.28125,
    0.3203125,
    0.3125,
    0.234375,
    0.28125,
    0.2734375,
    0.3203125,
    0.3125,
    0.3828125,
    0.3359375,
    0.3515625,
    0.296875,
    0.3125,
    0.3515625,
    0.3046875,
    0.3828125,
    0.3203125,
    0.2734375,
    0.421875,
    0.3671875,
    0.3359375,
    0.265625,
    0.4296875,
    0.3359375,
    0.4296875,
    0.375,
    0.3515625,
    0.375,
    0.3984375,
    0.3515625,
    0.328125,
    0.375,
    0.34375,
    0.3671875,
    0.4296875,
    0.40625,
    0.3515625,
    0.390625,
    0.3828125,
    0.3828125,
    0.375,
    0.3828125,
    0.4375,
    0.3359375,
    0.3828125,
    0.328125,
    0.359375,
    0.359375,
    0.375,
    0.3828125,
    0.359375,
    0.3203125,
    0.359375,
    0.34375,
    0.3359375,
    0.421875
  ],
  "val_accuracy": [
    0.0,
    0.0,
    0.0,
    0.0,
    0.0,
    0.0,
    0.0,
    0.0,
    0.0,
    0.0,
    0.0,
    0.0,
    0.0,
    0.0,
    0.0,
    0.0,
    0.0,
    0.0,
    0.0,
    0.0,
    0.0,
    0.0,
    0.0,
    0.0,
    0.0,
    0.0,
    0.0,
    0.0,
    0.0,
    0.0,
    0.0,
    0.0,
    0.0,
    0.0,
    0.0,
    0.0,
    0.0,
    0.0,
    0.0,
    0.0,
    0.0,
    0.0,
    0.0,
    0.0,
    0.0,
    0.0,
    0.0,
    0.0,
    0.0,
    0.0,
    0.0,
    0.0,
    0.0,
    0.0,
    0.0,
    0.0,
    0.0,
    0.0,
    0.0,
    0.0,
    0.0,
    0.0,
    0.0,
    0.0,
    0.0,
    0.0,
    0.0,
    0.0,
    0.0,
    0.0,
    0.0,
    0.0,
    0.0,
    0.0,
    0.0,
    0.0,
    0.0,
    0.0,
    0.0,
    0.0,
    0.0,
    0.0,
    0.0,
    0.0,
    0.0,
    0.0,
    0.0,
    0.0,
    0.0,
    0.0,
    0.0,
    0.0,
    0.0,
    0.0,
    0.0,
    0.0,
    0.0,
    0.0,
    0.0,
    0.0
  ],