{
  "train_loss": [
    2.7509162858568668,
    1.4581851873719742,
    1.1158050650785745,
    0.9845903925754853,
    0.9322610706216675,
    0.8931045796297774,
    0.863567493132901,
    0.8528432758045599,
    0.836756316921379,
    0.8277846630112531,
    0.8203186576376484,
    0.8063506008703497,
    0.7970430413378945,
    0.7891371808474577,
    0.7883395449521673,
    0.7786981010738807,
    0.7738258388475023,
    0.760592402033665,
    0.7663470665110818,
    0.7567806930481633,
    0.751460720466662,
    0.7529890647920375,
    0.7361688988621224,
    0.7408424341728919,
    0.7356091971638836,
    0.7369064595628891,
    0.7299148148625209,
    0.7322074763382538,
    0.7256660403581611,
    0.7225461056463829,
    0.7228969383340345,
    0.7231943308049616,
    0.717889619024494,
    0.7185132025666378,
    0.7133251544292466,
    0.7087469214125525,
    0.716556298078867,
    0.7091426668287832,
    0.707760611163916,
    0.7079800347235635,
    0.7058444810316029,
    0.7106922927788039,
    0.7002193661178717,
    0.6993084499604592,
    0.6987354659832983,
    0.698657272485741,
    0.6948320742397872,
    0.6923292553374536,
    0.6972255933133862,
    0.6925735629560575,
    0.6939751126092194,
    0.6910681835206752,
    0.6888173272841087,
    0.6922437327320565,
    0.6893352104138725,
    0.687607291127056,
    0.6911653390916591,
    0.6899093112865078,
    0.6867365160571874,
    0.6856057344609675,
    0.683492622043513,
    0.6839830930725934,
    0.6827732493102802,
    0.6794474992570998,
    0.6823161782594672,
    0.6794050386183372,
    0.6772667300349047,
    0.6796227917389528,
    0.6764698252396242,
    0.6773355474954919,
    0.6742290965112453,
    0.6793013295543848,
    0.6782768517103879,
    0.6764767871627325,
    0.6733433697294082,
    0.6733074059969262,
    0.6744028742303325,
    0.672187289105186,
    0.6716325454068083,
    0.6717524319761413,
    0.6713105140859065,
    0.6729002682971552,
    0.6723198674399139,
    0.6709823356902046,
    0.6717532971237279,
    0.6694460194322127,
    0.6688277127873545,
    0.6696260116271329,
    0.6699235401576078,
    0.671312585661683,
    0.6707889389891162,
    0.6682430206471858,
    0.6691158519515509,
    0.6683063549834465,
    0.671240772627577,
    0.6685240691221213,
    0.6689078533699744,
    0.6672927790050265,
    0.6710608611629985,
    0.6671509697467466
  ],
  "val_loss": [
    1.6794954895973206,
    1.4028555591901144,
    0.9983954926331838,
    0.9293442050615947,
    0.8528842985630035,
    0.8358509182929993,
    0.8119523326555887,
    0.799477199713389,
    0.8164099295934041,
    0.7746249298254649,
    0.8033905824025472,
    0.7883178273836772,
    0.7582314570744833,
    0.7702829301357269,
    0.7583804746468862,
    0.7722023824850718,
    0.7713734408219656,
    0.7602758506933848,
    0.7302900711695354,
    0.744661690791448,
    0.7127459069093068,
    0.7268267075220743,
    0.7170931875705719,
    0.7547153294086456,
    0.7184430996576945,
    0.7131117641925812,
    0.7264642238616943,
    0.7147197127342224,
    0.7147899568080902,
    0.7072014947732289,
    0.7019222219785054,
    0.7135385831197103,
    0.702894244591395,
    0.7146122932434082,
    0.7104103565216064,
    0.7001698275407156,
    0.7014715492725372,
    0.7099283496538799,
    0.6926039179166158,
    0.6984864075978597,
    0.7022220571835835,
    0.6980008542537689,
    0.6987458864847819,
    0.7081284085909526,
    0.6863392392794291,
    0.6940806428591411,
    0.6951657056808471,
    0.6874726037184398,
    0.6852003316084544,
    0.702506693204244,
    0.6866403639316558,
    0.6913326323032379,
    0.7000817676385244,
    0.6868314743041992,
    0.6932502190272013,
    0.6838615298271179,
    0.6949146767457326,
    0.693635098139445,
    0.6830960551897685,
    0.6883955955505371,
    0.6846777816613515,
    0.6887413541475932,
    0.6884800692399343,
    0.677392186721166,
    0.6874354183673859,
    0.681086802482605,
    0.6857149362564087,
    0.6829534868399302,
    0.684071942170461,
    0.6780681828657786,
    0.6827713668346405,
    0.6834328691164653,
    0.6855427662531535,
    0.6877849539120992,
    0.681445163488388,
    0.6813440104325612,
    0.6852878133455912,
    0.6832975248495737,
    0.683417409658432,
    0.6822133600711823,
    0.6818280994892121,
    0.6773403783639272,
    0.6815398554007213,
    0.6801937043666839,
    0.6795679847399394,
    0.6847405910491944,
    0.6824886580308278,
    0.6765908777713776,
    0.6785377939542134,
    0.6802850822607677,
    0.6773710449536642,
    0.6795497159163157,
    0.6796197096506754,
    0.6804624597231547,
    0.6782934447129567,
    0.6793461422125499,
    0.6806572377681732,
    0.6796476582686106,
    0.6816297312577565,
    0.6811351537704468
  ],
  "train_accuracy": [
    0.38709783755274263,
    0.6909612341772152,
    0.8329707278481012,
    0.8740110759493671,
    0.8909216772151899,
    0.905920358649789,
    0.916798523206751,
    0.9191060126582279,
    0.9240176687763713,
    0.928665611814346,
    0.9301489978902954,
    0.9357529008438819,
    0.9380603902953587,
    0.9399063818565401,
    0.9406975210970464,
    0.9458399261603375,
    0.9458069620253164,
    0.9496637658227848,
    0.9479825949367089,
    0.9509493670886076,
    0.9530920358649789,
    0.9523997890295358,
    0.9566521624472574,
    0.9563554852320675,
    0.9573444092827004,
    0.9583333333333334,
    0.9607726793248945,
    0.9589926160337553,
    0.9603441455696202,
    0.9620582805907173,
    0.9610693565400844,
    0.9614319620253164,
    0.9635416666666666,
    0.9630472046413502,
    0.9658491561181435,
    0.966739187763713,
    0.9640690928270043,
    0.9658821202531646,
    0.9663106540084389,
    0.9662117616033755,
    0.9673655063291139,
    0.9654865506329114,
    0.9681566455696202,
    0.9685851793248945,
    0.9695741033755274,
    0.9693763185654009,
    0.9695741033755274,
    0.9705630274261603,
    0.9701674578059072,
    0.9725738396624473,
    0.9715519514767933,
    0.9709915611814346,
    0.9720464135021097,
    0.9713541666666666,
    0.9723101265822784,
    0.9723760548523207,
    0.9719475210970464,
    0.972145305907173,
    0.971486023206751,
    0.9740242616033755,
    0.9736946202531646,
    0.9734309071729957,
    0.9741561181434599,
    0.9753757911392406,
    0.9739583333333334,
    0.9764306434599156,
    0.974881329113924,
    0.9755735759493671,
    0.9756065400843882,
    0.9752768987341772,
    0.9768591772151899,
    0.9742550105485233,
    0.9742879746835443,
    0.9762658227848101,
    0.9765625,
    0.976925105485232,
    0.9762987869198312,
    0.9779140295358649,
    0.9763647151898734,
    0.9769910337552743,
    0.9777162447257384,
    0.9770239978902954,
    0.9777162447257384,
    0.9781447784810127,
    0.9771888185654009,
    0.9776503164556962,
    0.9779799578059072,
    0.977254746835443,
    0.9779140295358649,
    0.9774195675105485,
    0.9774854957805907,
    0.978606276371308,
    0.9779799578059072,
    0.9783755274261603,
    0.9773206751054853,
    0.978243670886076,
    0.9770569620253164,
    0.9792325949367089,
    0.9771558544303798,
    0.9791337025316456
  ],