{
  "train_loss": [
    4.170462507950632,
    4.0752550551765845
  ],
  "val_loss": [
    4.232840855916341,
    4.753945509592692
  ],
  "train_accuracy": [
    0.013157894736842105,
    0.06578947368421052
  ],
  "val_accuracy": [
    0.0,
    0.0
  ],
  "train_dice": [
    0.6074749168596769,
    0.7430905197796068
  ],
  "val_dice": [
    0.7985173066457113,
    0.8285792668660482
  ],
  "val_macro_f1": [
    0.0,
    0.0
  ]
}