{
  "train_loss": [
    4.357356749082866,
    4.271810406132748
  ],
  "val_loss": [
    4.6222836176554365,
    4.585575103759766
  ],
  "train_accuracy": [
    0.013157894736842105,
    0.09868421052631579
  ],
  "val_accuracy": [
    0.0,
    0.0
  ],
  "train_dice": [
    0.6186805336098922,
    0.7489638422664843
  ],
  "val_dice": [
    0.7611861030260721,
    0.8069268266359965
  ],
  "val_macro_f1": [
    0.0,
    0.0
  ]
}